{
  "marmiton": {
    "rows": 176577,
    "files": 4962,
    "similarity_mean": 0.5725438699161771,
    "similarity_median": 0.5796430110931396,
    "relations_count": 58485
  },
  "wikipedia": {
    "rows": 91481,
    "files": 2478,
    "similarity_mean": 0.5339957682298747,
    "similarity_median": 0.5326957106590271,
    "relations_count": 23726
  }
}